State,Year,Undergrad,Professional,Grad
Alabama,2017,20,14,2
Alabama,2016,17,15,2
Alabama,2015,15,15,1
Alabama,2014,10,17,0
Alabama,2013,7,11,1
Alabama,2012,9,10,1
Alabama,2011,15,10,2
Alabama,2010,13,7,2
Alabama,2009,13,7,2
Alabama,2008,12,8,2
Alabama,2007,11,9,3
Alabama,2006,11,9,1
Alabama,2005,16,5,0
Alabama,2004,16,8,0
Alabama,2003,23,26,0
Alabama,2002,22,23,0
Alabama,2001,21,20,0
Alabama,2000,20,21,1
Alabama,1999,19,21,2
Alabama,1998,13,18,2
Alabama,1997,14,1,22
Alabama,1996,14,0,24
Alabama,1995,12,0,20
Alabama,1994,8,0,12
Alabama,1993,10,0,10
Alabama,1992,13,0,10
Alabama,1991,11,1,10
Alabama,1990,11,1,14
Alabama,1989,7,1,9
Alabama,1988,8,0,13
Alabama,1987,13,0,12
Alabama,1986,10,0,15
Alabama,1985,5,0,12
Alabama,1984,8,0,11
Alabama,1983,7,0,10
Alabama,1982,6,0,13
Alabama,1981,6,1,15
Alabama,1980,3,0,13
Alabama,1979,1,0,12
Alabama,1978,2,0,10
Alabama,1977,3,0,20
Alabama,1976,4,0,16
Alabama,1975,3,1,17
Alaska,2017,5,6,0
Alaska,2016,3,4,0
Alaska,2015,2,5,0
Alaska,2014,3,7,0
Alaska,2013,3,3,0
Alaska,2012,5,4,0
Alaska,2011,6,4,0
Alaska,2010,6,5,1
Alaska,2009,6,5,1
Alaska,2008,3,4,2
Alaska,2007,2,4,0
Alaska,2006,3,4,1
Alaska,2005,5,3,1
Alaska,2004,4,1,1
Alaska,2003,5,8,1
Alaska,2002,5,5,0
Alaska,2001,5,11,0
Alaska,2000,5,11,0
Alaska,1999,5,14,0
Alaska,1998,5,7,0
Alaska,1997,6,0,8
Alaska,1996,5,0,10
Alaska,1995,6,0,15
Alaska,1994,3,0,7
Alaska,1993,1,0,4
Alaska,1992,2,0,3
Alaska,1991,3,0,3
Alaska,1990,5,0,3
Alaska,1989,5,0,3
Alaska,1988,2,0,4
Alaska,1987,0,0,0
Alaska,1986,0,0,0
Alaska,1985,0,0,NA
Alaska,1984,0,0,0
Alaska,1983,0,0,3
Alaska,1982,1,0,3
Alaska,1981,0,0,2
Alaska,1980,0,0,2
Alaska,1979,0,0,1
Alaska,1978,0,0,2
Alaska,1977,1,0,1
Alaska,1976,1,0,2
Alaska,1975,0,0,2
Arizona,2017,39,59,7
Arizona,2016,34,31,5
Arizona,2015,37,26,3
Arizona,2014,28,21,3
Arizona,2013,18,22,3
Arizona,2012,22,17,3
Arizona,2011,15,17,2
Arizona,2010,20,16,4
Arizona,2009,20,16,4
Arizona,2008,19,7,6
Arizona,2007,17,8,4
Arizona,2006,25,9,6
Arizona,2005,26,13,4
Arizona,2004,22,16,2
Arizona,2003,24,35,1
Arizona,2002,22,27,3
Arizona,2001,21,26,3
Arizona,2000,14,26,1
Arizona,1999,12,23,4
Arizona,1998,11,20,4
Arizona,1997,10,4,18
Arizona,1996,14,3,18
Arizona,1995,17,1,24
Arizona,1994,17,1,14
Arizona,1993,13,1,15
Arizona,1992,10,0,19
Arizona,1991,8,0,14
Arizona,1990,11,0,10
Arizona,1989,9,1,11
Arizona,1988,13,0,9
Arizona,1987,12,0,9
Arizona,1986,6,0,14
Arizona,1985,4,0,11
Arizona,1984,4,0,11
Arizona,1983,3,0,8
Arizona,1982,4,0,8
Arizona,1981,4,0,8
Arizona,1980,4,0,7
Arizona,1979,3,0,10
Arizona,1978,4,0,13
Arizona,1977,3,1,18
Arizona,1976,1,1,16
Arizona,1975,3,0,10
Arkansas,2017,6,14,2
Arkansas,2016,10,13,1
Arkansas,2015,9,12,1
Arkansas,2014,10,8,1
Arkansas,2013,12,10,2
Arkansas,2012,10,12,2
Arkansas,2011,10,9,2
Arkansas,2010,8,6,2
Arkansas,2009,8,6,2
Arkansas,2008,3,10,2
Arkansas,2007,8,12,2
Arkansas,2006,9,11,0
Arkansas,2005,13,10,0
Arkansas,2004,17,6,0
Arkansas,2003,14,20,0
Arkansas,2002,11,16,1
Arkansas,2001,8,16,1
Arkansas,2000,11,19,3
Arkansas,1999,14,23,2
Arkansas,1998,14,18,2
Arkansas,1997,15,2,14
Arkansas,1996,10,0,11
Arkansas,1995,6,0,12
Arkansas,1994,4,0,NA
Arkansas,1993,5,1,7
Arkansas,1992,5,2,9
Arkansas,1991,4,3,6
Arkansas,1990,8,0,6
Arkansas,1989,5,1,6
Arkansas,1988,6,0,4
Arkansas,1987,5,1,10
Arkansas,1986,5,1,6
Arkansas,1985,4,0,11
Arkansas,1984,4,0,11
Arkansas,1983,6,0,8
Arkansas,1982,7,0,5
Arkansas,1981,3,0,4
Arkansas,1980,5,0,4
Arkansas,1979,8,0,5
Arkansas,1978,6,0,5
Arkansas,1977,6,0,11
Arkansas,1976,4,0,9
Arkansas,1975,5,1,5
California,2017,1011,425,43
California,2016,937,226,42
California,2015,828,232,38
California,2014,643,204,37
California,2013,490,169,33
California,2012,366,172,40
California,2011,262,161,43
California,2010,187,161,48
California,2009,187,161,48
California,2008,145,136,25
California,2007,152,121,22
California,2006,158,122,21
California,2005,159,112,27
California,2004,179,83,32
California,2003,176,251,35
California,2002,155,221,34
California,2001,146,223,28
California,2000,121,233,28
California,1999,102,215,28
California,1998,108,211,26
California,1997,113,27,206
California,1996,116,28,168
California,1995,102,14,133
California,1994,82,14,108
California,1993,89,14,114
California,1992,69,16,106
California,1991,66,4,101
California,1990,81,4,79
California,1989,63,6,77
California,1988,79,3,84
California,1987,65,1,112
California,1986,60,0,100
California,1985,62,0,115
California,1984,64,0,107
California,1983,41,1,113
California,1982,50,1,90
California,1981,39,1,81
California,1980,2,0,101
California,1979,12,1,79
California,1978,16,2,87
California,1977,14,0,104
California,1976,18,2,89
California,1975,18,2,97
Colorado,2017,47,67,5
Colorado,2016,52,33,3
Colorado,2015,52,33,0
Colorado,2014,51,27,2
Colorado,2013,47,16,6
Colorado,2012,41,16,6
Colorado,2011,28,15,10
Colorado,2010,23,20,6
Colorado,2009,23,20,6
Colorado,2008,20,15,4
Colorado,2007,20,14,1
Colorado,2006,27,15,1
Colorado,2005,30,17,2
Colorado,2004,30,12,3
Colorado,2003,35,36,8
Colorado,2002,39,42,7
Colorado,2001,30,42,7
Colorado,2000,31,45,5
Colorado,1999,33,46,3
Colorado,1998,26,41,2
Colorado,1997,33,1,37
Colorado,1996,31,2,30
Colorado,1995,33,0,25
Colorado,1994,34,0,22
Colorado,1993,32,0,24
Colorado,1992,28,0,26
Colorado,1991,27,0,21
Colorado,1990,22,0,17
Colorado,1989,9,0,21
Colorado,1988,14,1,20
Colorado,1987,15,0,29
Colorado,1986,11,1,23
Colorado,1985,11,1,18
Colorado,1984,10,0,31
Colorado,1983,10,1,21
Colorado,1982,10,1,16
Colorado,1981,13,0,12
Colorado,1980,7,1,1
Colorado,1979,8,0,16
Colorado,1978,2,0,10
Colorado,1977,5,0,12
Colorado,1976,4,0,14
Colorado,1975,3,2,21
Connecticut,2017,40,39,6
Connecticut,2016,43,21,4
Connecticut,2015,40,22,3
Connecticut,2014,34,19,3
Connecticut,2013,39,20,4
Connecticut,2012,31,17,4
Connecticut,2011,35,24,5
Connecticut,2010,32,21,3
Connecticut,2009,32,21,3
Connecticut,2008,28,17,4
Connecticut,2007,21,13,3
Connecticut,2006,22,13,4
Connecticut,2005,24,12,3
Connecticut,2004,18,9,4
Connecticut,2003,34,34,7
Connecticut,2002,32,26,7
Connecticut,2001,29,21,6
Connecticut,2000,35,24,6
Connecticut,1999,27,24,3
Connecticut,1998,30,25,3
Connecticut,1997,32,2,29
Connecticut,1996,30,1,29
Connecticut,1995,33,0,24
Connecticut,1994,27,0,16
Connecticut,1993,32,1,20
Connecticut,1992,29,1,20
Connecticut,1991,29,3,19
Connecticut,1990,33,2,14
Connecticut,1989,31,2,13
Connecticut,1988,28,1,6
Connecticut,1987,25,3,9
Connecticut,1986,19,3,18
Connecticut,1985,15,2,22
Connecticut,1984,11,1,23
Connecticut,1983,9,2,23
Connecticut,1982,10,0,31
Connecticut,1981,15,1,28
Connecticut,1980,18,2,29
Connecticut,1979,19,1,23
Connecticut,1978,20,1,20
Connecticut,1977,21,3,31
Connecticut,1976,12,1,34
Connecticut,1975,8,1,38
Delaware,2017,5,3,0
Delaware,2016,6,3,0
Delaware,2015,4,4,0
Delaware,2014,7,5,0
Delaware,2013,6,5,0
Delaware,2012,6,7,0
Delaware,2011,2,5,1
Delaware,2010,1,6,1
Delaware,2009,1,6,1
Delaware,2008,5,5,0
Delaware,2007,7,5,0
Delaware,2006,5,4,0
Delaware,2005,4,2,0
Delaware,2004,4,2,0
Delaware,2003,2,3,0
Delaware,2002,4,5,1
Delaware,2001,4,6,1
Delaware,2000,5,5,1
Delaware,1999,4,8,0
Delaware,1998,4,7,0
Delaware,1997,3,0,7
Delaware,1996,7,0,9
Delaware,1995,8,0,9
Delaware,1994,7,0,4
Delaware,1993,9,1,2
Delaware,1992,3,2,5
Delaware,1991,5,1,7
Delaware,1990,6,0,3
Delaware,1989,6,0,3
Delaware,1988,6,0,3
Delaware,1987,3,0,0
Delaware,1986,2,0,7
Delaware,1985,2,0,6
Delaware,1984,4,0,5
Delaware,1983,4,0,5
Delaware,1982,2,0,8
Delaware,1981,2,0,7
Delaware,1980,3,0,7
Delaware,1979,3,0,6
Delaware,1978,1,1,9
Delaware,1977,3,2,8
Delaware,1976,1,1,6
Delaware,1975,1,2,7
District of Columbia,2017,2,9,1
District of Columbia,2016,4,3,2
District of Columbia,2015,5,4,1
District of Columbia,2014,5,4,1
District of Columbia,2013,2,4,1
District of Columbia,2012,3,5,0
District of Columbia,2011,5,4,0
District of Columbia,2010,10,6,0
District of Columbia,2009,10,6,0
District of Columbia,2008,12,6,0
District of Columbia,2007,8,6,0
District of Columbia,2006,7,1,1
District of Columbia,2005,2,1,0
District of Columbia,2004,2,5,1
District of Columbia,2003,3,7,0
District of Columbia,2002,2,8,1
District of Columbia,2001,2,9,2
District of Columbia,2000,3,13,2
District of Columbia,1999,2,8,2
District of Columbia,1998,2,7,1
District of Columbia,1997,4,6,1
District of Columbia,1996,2,3,0
District of Columbia,1995,5,3,0
District of Columbia,1994,4,2,0
District of Columbia,1993,2,4,0
District of Columbia,1992,1,2,0
District of Columbia,1991,1,3,0
District of Columbia,1990,3,1,0
District of Columbia,1989,0,3,0
District of Columbia,1988,1,4,0
District of Columbia,1987,1,5,0
District of Columbia,1986,0,8,0
District of Columbia,1985,1,5,0
District of Columbia,1984,1,7,0
District of Columbia,1983,2,4,0
District of Columbia,1982,3,7,0
District of Columbia,1981,2,7,0
District of Columbia,1980,3,8,0
District of Columbia,1979,2,3,0
District of Columbia,1978,5,4,0
District of Columbia,1977,3,7,0
District of Columbia,1976,3,5,0
District of Columbia,1975,3,4,0
Florida,2017,89,101,20
Florida,2016,99,56,26
Florida,2015,111,47,17
Florida,2014,97,47,11
Florida,2013,80,56,16
Florida,2012,81,58,17
Florida,2011,69,66,19
Florida,2010,67,68,15
Florida,2009,67,68,15
Florida,2008,50,60,8
Florida,2007,43,50,11
Florida,2006,42,44,8
Florida,2005,55,31,5
Florida,2004,56,23,3
Florida,2003,55,73,8
Florida,2002,51,72,10
Florida,2001,58,67,10
Florida,2000,58,60,9
Florida,1999,50,62,8
Florida,1998,50,61,3
Florida,1997,48,3,59
Florida,1996,52,3,60
Florida,1995,48,2,50
Florida,1994,44,2,33
Florida,1993,50,2,35
Florida,1992,46,2,36
Florida,1991,49,1,26
Florida,1990,53,2,25
Florida,1989,43,3,23
Florida,1988,46,4,27
Florida,1987,29,1,25
Florida,1986,32,1,23
Florida,1985,17,2,27
Florida,1984,25,0,30
Florida,1983,27,0,28
Florida,1982,32,1,37
Florida,1981,35,2,30
Florida,1980,30,2,30
Florida,1979,27,3,41
Florida,1978,17,1,34
Florida,1977,17,3,37
Florida,1976,16,4,31
Florida,1975,14,1,31
Georgia,2017,89,56,4
Georgia,2016,81,33,3
Georgia,2015,59,31,3
Georgia,2014,54,31,4
Georgia,2013,44,23,5
Georgia,2012,45,24,4
Georgia,2011,46,27,5
Georgia,2010,31,32,4
Georgia,2009,31,32,4
Georgia,2008,28,27,3
Georgia,2007,25,25,5
Georgia,2006,31,24,6
Georgia,2005,21,27,5
Georgia,2004,26,21,1
Georgia,2003,26,41,3
Georgia,2002,32,43,2
Georgia,2001,18,38,5
Georgia,2000,23,44,5
Georgia,1999,21,41,6
Georgia,1998,23,39,3
Georgia,1997,26,1,37
Georgia,1996,31,0,26
Georgia,1995,29,2,30
Georgia,1994,27,2,15
Georgia,1993,29,2,21
Georgia,1992,30,1,21
Georgia,1991,26,1,17
Georgia,1990,22,1,20
Georgia,1989,22,2,12
Georgia,1988,18,0,9
Georgia,1987,24,1,21
Georgia,1986,38,1,12
Georgia,1985,16,1,15
Georgia,1984,15,0,8
Georgia,1983,11,0,13
Georgia,1982,9,0,15
Georgia,1981,6,0,11
Georgia,1980,7,0,6
Georgia,1979,8,1,8
Georgia,1978,3,1,13
Georgia,1977,1,1,19
Georgia,1976,3,0,24
Georgia,1975,3,0,23
Guam,2017,1,0,0
Guam,2016,1,0,0
Guam,2015,1,1,0
Guam,2014,1,1,0
Guam,2013,0,1,0
Hawaii,2017,9,10,0
Hawaii,2016,8,9,0
Hawaii,2015,7,8,0
Hawaii,2014,7,7,0
Hawaii,2013,9,10,1
Hawaii,2012,6,10,1
Hawaii,2011,5,8,1
Hawaii,2010,6,9,1
Hawaii,2009,6,9,1
Hawaii,2008,6,6,1
Hawaii,2007,6,5,1
Hawaii,2006,8,5,0
Hawaii,2005,13,4,0
Hawaii,2004,13,3,0
Hawaii,2003,23,7,1
Hawaii,2002,34,6,0
Hawaii,2001,40,7,0
Hawaii,2000,54,8,0
Hawaii,1999,54,12,0
Hawaii,1998,58,6,0
Hawaii,1997,53,0,5
Hawaii,1996,40,0,7
Hawaii,1995,26,0,8
Hawaii,1994,16,0,6
Hawaii,1993,11,0,6
Hawaii,1992,11,0,7
Hawaii,1991,8,0,8
Hawaii,1990,7,0,12
Hawaii,1989,5,0,7
Hawaii,1988,5,1,5
Hawaii,1987,0,0,0
Hawaii,1986,1,0,1
Hawaii,1985,2,0,2
Hawaii,1984,8,0,9
Hawaii,1983,12,0,14
Hawaii,1982,10,0,9
Hawaii,1981,7,0,5
Hawaii,1980,3,0,2
Hawaii,1979,2,0,6
Hawaii,1978,5,0,12
Hawaii,1977,7,0,7
Hawaii,1976,7,1,7
Hawaii,1975,7,0,9
Idaho,2017,5,14,1
Idaho,2016,3,12,1
Idaho,2015,2,8,1
Idaho,2014,5,8,1
Idaho,2013,1,6,1
Idaho,2012,2,7,2
Idaho,2011,3,10,3
Idaho,2010,2,10,2
Idaho,2009,2,10,2
Idaho,2008,2,10,1
Idaho,2007,2,8,1
Idaho,2006,3,6,2
Idaho,2005,5,5,0
Idaho,2004,3,3,1
Idaho,2003,4,8,0
Idaho,2002,2,8,0
Idaho,2001,2,8,0
Idaho,2000,2,8,0
Idaho,1999,3,6,0
Idaho,1998,3,6,0
Idaho,1997,2,0,8
Idaho,1996,3,0,9
Idaho,1995,2,0,11
Idaho,1994,0,0,7
Idaho,1993,1,0,5
Idaho,1992,1,0,4
Idaho,1991,1,0,6
Idaho,1990,0,0,4
Idaho,1989,0,0,2
Idaho,1988,0,0,1
Idaho,1987,1,0,5
Idaho,1986,0,0,3
Idaho,1985,0,0,7
Idaho,1984,0,0,3
Idaho,1983,1,0,8
Idaho,1982,0,0,7
Idaho,1981,1,0,5
Idaho,1980,1,0,7
Idaho,1979,2,0,7
Idaho,1978,0,0,2
Idaho,1977,3,0,3
Idaho,1976,1,0,5
Idaho,1975,1,0,6
Illinois,2017,24251,3330,537
Illinois,2016,24169,2458,542
Illinois,2015,23720,2580,607
Illinois,2014,23853,2677,630
Illinois,2013,24299,2825,677
Illinois,2012,24683,2839,701
Illinois,2011,25197,2845,687
Illinois,2010,25465,2901,704
Illinois,2009,25465,2901,704
Illinois,2008,26677,2903,707
Illinois,2007,26848,2894,686
Illinois,2006,27049,2828,703
Illinois,2005,26539,2807,718
Illinois,2004,25494,2941,805
Illinois,2003,25129,3084,825
Illinois,2002,25085,3091,824
Illinois,2001,25106,2904,835
Illinois,2000,25150,2787,787
Illinois,1999,25222,2868,766
Illinois,1998,24807,3096,760
Illinois,1997,24292,762,3414
Illinois,1996,24231,773,3917
Illinois,1995,24408,845,4484
Illinois,1994,24308,845,4927
Illinois,1993,24371,842,5086
Illinois,1992,23992,849,5056
Illinois,1991,24618,869,5068
Illinois,1990,24735,854,4765
Illinois,1989,24479,851,4784
Illinois,1988,25478,852,2995
Illinois,1987,25733,886,5029
Illinois,1986,26024,902,5034
Illinois,1985,26126,895,4823
Illinois,1984,25124,904,4839
Illinois,1983,25083,938,4874
Illinois,1982,25416,928,4971
Illinois,1981,25695,915,4908
Illinois,1980,25615,913,4686
Illinois,1979,25269,903,4775
Illinois,1978,24593,920,4738
Illinois,1977,24557,1036,4938
Illinois,1976,24052,1032,5178
Illinois,1975,25049,1017,5582
Indiana,2017,65,103,17
Indiana,2016,58,80,16
Indiana,2015,62,76,12
Indiana,2014,58,73,9
Indiana,2013,57,68,11
Indiana,2012,56,78,11
Indiana,2011,55,66,11
Indiana,2010,49,63,6
Indiana,2009,49,63,6
Indiana,2008,65,68,3
Indiana,2007,74,75,4
Indiana,2006,79,57,3
Indiana,2005,89,48,1
Indiana,2004,95,47,5
Indiana,2003,86,123,8
Indiana,2002,91,125,8
Indiana,2001,87,122,7
Indiana,2000,90,107,9
Indiana,1999,98,103,9
Indiana,1998,90,98,10
Indiana,1997,79,10,92
Indiana,1996,78,10,96
Indiana,1995,68,5,79
Indiana,1994,85,5,59
Indiana,1993,70,4,67
Indiana,1992,86,4,63
Indiana,1991,89,2,57
Indiana,1990,95,1,71
Indiana,1989,94,4,68
Indiana,1988,93,6,65
Indiana,1987,94,2,77
Indiana,1986,76,3,74
Indiana,1985,64,2,69
Indiana,1984,67,3,74
Indiana,1983,49,2,69
Indiana,1982,61,3,60
Indiana,1981,69,7,78
Indiana,1980,68,2,92
Indiana,1979,60,2,88
Indiana,1978,54,4,93
Indiana,1977,57,4,91
Indiana,1976,70,2,90
Indiana,1975,70,0,83
Iowa,2017,39,43,3
Iowa,2016,35,39,3
Iowa,2015,28,40,1
Iowa,2014,29,49,2
Iowa,2013,27,51,3
Iowa,2012,20,46,2
Iowa,2011,32,48,1
Iowa,2010,26,53,2
Iowa,2009,26,53,2
Iowa,2008,29,45,5
Iowa,2007,34,42,4
Iowa,2006,41,37,4
Iowa,2005,40,29,3
Iowa,2004,33,34,2
Iowa,2003,34,76,2
Iowa,2002,31,70,2
Iowa,2001,35,59,3
Iowa,2000,40,50,2
Iowa,1999,47,53,3
Iowa,1998,39,59,2
Iowa,1997,44,2,61
Iowa,1996,36,1,55
Iowa,1995,35,0,45
Iowa,1994,31,0,31
Iowa,1993,28,0,42
Iowa,1992,35,0,37
Iowa,1991,40,0,38
Iowa,1990,45,0,33
Iowa,1989,38,1,38
Iowa,1988,29,1,21
Iowa,1987,25,1,28
Iowa,1986,25,0,34
Iowa,1985,24,2,42
Iowa,1984,23,1,37
Iowa,1983,21,1,30
Iowa,1982,15,1,40
Iowa,1981,18,1,30
Iowa,1980,20,1,38
Iowa,1979,29,1,44
Iowa,1978,29,1,38
Iowa,1977,21,1,32
Iowa,1976,14,1,34
Iowa,1975,14,2,38
Kansas,2017,24,26,2
Kansas,2016,25,15,2
Kansas,2015,19,22,2
Kansas,2014,22,30,1
Kansas,2013,23,29,1
Kansas,2012,20,18,2
Kansas,2011,25,15,3
Kansas,2010,33,14,5
Kansas,2009,33,14,5
Kansas,2008,38,15,1
Kansas,2007,34,25,0
Kansas,2006,35,29,2
Kansas,2005,37,24,2
Kansas,2004,41,15,2
Kansas,2003,46,45,2
Kansas,2002,34,40,3
Kansas,2001,41,37,4
Kansas,2000,35,32,2
Kansas,1999,27,24,2
Kansas,1998,31,25,1
Kansas,1997,31,1,19
Kansas,1996,27,0,15
Kansas,1995,29,0,17
Kansas,1994,26,0,9
Kansas,1993,23,1,12
Kansas,1992,18,1,10
Kansas,1991,16,1,22
Kansas,1990,18,3,23
Kansas,1989,13,3,21
Kansas,1988,12,1,20
Kansas,1987,14,1,27
Kansas,1986,7,0,4
Kansas,1985,13,0,27
Kansas,1984,10,1,18
Kansas,1983,7,2,27
Kansas,1982,11,1,26
Kansas,1981,10,1,20
Kansas,1980,14,2,22
Kansas,1979,8,1,23
Kansas,1978,6,0,25
Kansas,1977,3,1,34
Kansas,1976,3,0,20
Kansas,1975,4,0,26
Kentucky,2017,30,24,3
Kentucky,2016,30,23,3
Kentucky,2015,32,23,3
Kentucky,2014,33,25,3
Kentucky,2013,28,26,3
Kentucky,2012,25,20,4
Kentucky,2011,23,22,3
Kentucky,2010,15,24,4
Kentucky,2009,15,24,4
Kentucky,2008,25,27,2
Kentucky,2007,28,22,2
Kentucky,2006,38,26,1
Kentucky,2005,40,21,4
Kentucky,2004,30,16,3
Kentucky,2003,36,36,4
Kentucky,2002,34,35,2
Kentucky,2001,37,35,1
Kentucky,2000,42,33,0
Kentucky,1999,43,23,2
Kentucky,1998,34,22,3
Kentucky,1997,37,5,22
Kentucky,1996,32,5,17
Kentucky,1995,32,5,17
Kentucky,1994,34,5,13
Kentucky,1993,44,2,25
Kentucky,1992,44,1,26
Kentucky,1991,41,1,25
Kentucky,1990,42,1,22
Kentucky,1989,36,0,23
Kentucky,1988,34,0,15
Kentucky,1987,39,0,21
Kentucky,1986,36,0,26
Kentucky,1985,32,0,21
Kentucky,1984,28,0,16
Kentucky,1983,20,0,14
Kentucky,1982,20,0,16
Kentucky,1981,11,0,24
Kentucky,1980,7,0,21
Kentucky,1979,11,1,16
Kentucky,1978,12,0,18
Kentucky,1977,12,0,21
Kentucky,1976,7,0,15
Kentucky,1975,7,0,32
Louisiana,2017,9,20,2
Louisiana,2016,10,16,2
Louisiana,2015,12,12,1
Louisiana,2014,13,15,1
Louisiana,2013,14,14,1
Louisiana,2012,8,10,2
Louisiana,2011,5,8,2
Louisiana,2010,6,10,2
Louisiana,2009,6,10,2
Louisiana,2008,4,14,1
Louisiana,2007,7,15,2
Louisiana,2006,12,11,2
Louisiana,2005,10,9,0
Louisiana,2004,12,9,0
Louisiana,2003,8,26,2
Louisiana,2002,8,19,2
Louisiana,2001,10,20,2
Louisiana,2000,12,21,2
Louisiana,1999,7,15,0
Louisiana,1998,13,13,0
Louisiana,1997,17,0,17
Louisiana,1996,12,0,20
Louisiana,1995,11,0,19
Louisiana,1994,12,0,20
Louisiana,1993,9,1,16
Louisiana,1992,6,0,13
Louisiana,1991,7,1,17
Louisiana,1990,8,2,12
Louisiana,1989,4,1,8
Louisiana,1988,4,1,7
Louisiana,1987,5,0,6
Louisiana,1986,5,0,11
Louisiana,1985,6,0,17
Louisiana,1984,4,0,12
Louisiana,1983,2,0,11
Louisiana,1982,3,0,6
Louisiana,1981,5,0,9
Louisiana,1980,2,0,8
Louisiana,1979,2,0,12
Louisiana,1978,2,0,10
Louisiana,1977,4,1,18
Louisiana,1976,2,1,24
Louisiana,1975,2,0,17
Maine,2017,3,12,0
Maine,2016,5,9,0
Maine,2015,4,8,2
Maine,2014,3,6,1
Maine,2013,3,4,1
Maine,2012,5,2,3
Maine,2011,2,5,1
Maine,2010,2,7,1
Maine,2009,2,7,1
Maine,2008,3,6,1
Maine,2007,2,6,0
Maine,2006,2,4,0
Maine,2005,3,5,0
Maine,2004,5,2,1
Maine,2003,8,7,2
Maine,2002,6,9,1
Maine,2001,4,12,1
Maine,2000,6,7,0
Maine,1999,3,8,1
Maine,1998,3,9,2
Maine,1997,7,2,8
Maine,1996,1,2,12
Maine,1995,3,0,7
Maine,1994,1,0,7
Maine,1993,0,0,4
Maine,1992,3,0,2
Maine,1991,4,0,1
Maine,1990,4,0,0
Maine,1989,3,0,1
Maine,1988,2,0,2
Maine,1987,1,0,1
Maine,1986,2,0,4
Maine,1985,1,0,4
Maine,1984,1,0,3
Maine,1983,2,0,2
Maine,1982,1,0,3
Maine,1981,2,0,5
Maine,1980,1,0,3
Maine,1979,1,0,4
Maine,1978,0,0,7
Maine,1977,1,0,8
Maine,1976,1,0,9
Maine,1975,1,0,5
Maryland,2017,62,69,5
Maryland,2016,66,46,7
Maryland,2015,73,45,5
Maryland,2014,78,43,7
Maryland,2013,74,45,5
Maryland,2012,67,41,6
Maryland,2011,67,47,4
Maryland,2010,62,41,2
Maryland,2009,62,41,2
Maryland,2008,74,43,3
Maryland,2007,76,41,4
Maryland,2006,80,40,5
Maryland,2005,85,36,7
Maryland,2004,89,30,9
Maryland,2003,100,60,8
Maryland,2002,81,54,6
Maryland,2001,79,53,7
Maryland,2000,69,46,5
Maryland,1999,66,41,1
Maryland,1998,77,44,3
Maryland,1997,76,4,44
Maryland,1996,77,5,46
Maryland,1995,73,1,36
Maryland,1994,57,1,37
Maryland,1993,47,1,39
Maryland,1992,44,0,34
Maryland,1991,34,1,36
Maryland,1990,30,3,28
Maryland,1989,20,2,23
Maryland,1988,21,1,14
Maryland,1987,26,0,23
Maryland,1986,25,1,23
Maryland,1985,22,0,17
Maryland,1984,18,0,18
Maryland,1983,13,0,28
Maryland,1982,7,0,32
Maryland,1981,8,2,38
Maryland,1980,10,1,32
Maryland,1979,6,2,18
Maryland,1978,5,1,29
Maryland,1977,6,0,28
Maryland,1976,13,0,34
Maryland,1975,10,1,43
Massachusetts,2017,98,72,14
Massachusetts,2016,105,45,10
Massachusetts,2015,106,33,9
Massachusetts,2014,102,36,10
Massachusetts,2013,100,34,7
Massachusetts,2012,94,42,8
Massachusetts,2011,92,38,5
Massachusetts,2010,80,35,3
Massachusetts,2009,80,35,3
Massachusetts,2008,65,20,3
Massachusetts,2007,59,22,3
Massachusetts,2006,51,15,5
Massachusetts,2005,56,20,3
Massachusetts,2004,53,25,9
Massachusetts,2003,51,69,10
Massachusetts,2002,43,65,10
Massachusetts,2001,48,60,8
Massachusetts,2000,48,48,5
Massachusetts,1999,45,56,4
Massachusetts,1998,48,47,6
Massachusetts,1997,40,7,41
Massachusetts,1996,41,7,42
Massachusetts,1995,44,0,32
Massachusetts,1994,36,0,25
Massachusetts,1993,46,0,26
Massachusetts,1992,43,0,26
Massachusetts,1991,38,0,26
Massachusetts,1990,26,1,24
Massachusetts,1989,30,1,23
Massachusetts,1988,18,1,27
Massachusetts,1987,18,0,30
Massachusetts,1986,12,1,37
Massachusetts,1985,10,0,40
Massachusetts,1984,10,3,28
Massachusetts,1983,8,1,36
Massachusetts,1982,12,0,39
Massachusetts,1981,16,0,41
Massachusetts,1980,10,1,46
Massachusetts,1979,12,2,44
Massachusetts,1978,16,2,47
Massachusetts,1977,13,0,30
Massachusetts,1976,12,4,39
Massachusetts,1975,12,4,46
Michigan,2017,86,131,41
Michigan,2016,81,101,46
Michigan,2015,76,110,39
Michigan,2014,85,114,34
Michigan,2013,83,105,29
Michigan,2012,63,89,36
Michigan,2011,65,82,40
Michigan,2010,50,84,38
Michigan,2009,50,84,38
Michigan,2008,60,75,17
Michigan,2007,63,55,17
Michigan,2006,79,67,17
Michigan,2005,68,65,14
Michigan,2004,68,54,20
Michigan,2003,71,134,27
Michigan,2002,68,119,21
Michigan,2001,67,106,18
Michigan,2000,56,98,15
Michigan,1999,54,99,14
Michigan,1998,62,102,12
Michigan,1997,55,18,110
Michigan,1996,61,19,111
Michigan,1995,58,10,95
Michigan,1994,57,10,76
Michigan,1993,56,13,74
Michigan,1992,42,14,85
Michigan,1991,44,9,81
Michigan,1990,38,6,100
Michigan,1989,37,1,74
Michigan,1988,32,4,72
Michigan,1987,40,5,71
Michigan,1986,35,9,70
Michigan,1985,31,6,67
Michigan,1984,26,11,72
Michigan,1983,28,9,55
Michigan,1982,24,7,60
Michigan,1981,25,6,75
Michigan,1980,30,11,69
Michigan,1979,27,9,63
Michigan,1978,20,5,55
Michigan,1977,28,2,64
Michigan,1976,21,4,73
Michigan,1975,15,6,58
Military,2017,6,3,1
Military,2016,8,1,0
Military,2015,7,3,0
Military,2014,6,1,0
Military,2013,4,1,0
Military,2012,7,0,0
Military,2011,11,0,0
Military,2010,7,0,0
Military,2009,7,0,0
Military,2008,6,0,0
Military,2007,3,0,0
Military,2006,1,0,0
Military,2005,2,0,0
Military,2004,6,0,0
Military,2003,1,2,0
Military,2002,1,1,0
Military,2001,0,0,0
Military,2000,1,0,0
Minnesota,2017,77,77,7
Minnesota,2016,80,52,9
Minnesota,2015,71,51,4
Minnesota,2014,69,50,5
Minnesota,2013,53,49,6
Minnesota,2012,58,48,6
Minnesota,2011,56,53,6
Minnesota,2010,43,60,4
Minnesota,2009,43,60,4
Minnesota,2008,37,43,3
Minnesota,2007,39,43,0
Minnesota,2006,44,38,2
Minnesota,2005,48,25,1
Minnesota,2004,60,25,2
Minnesota,2003,58,89,0
Minnesota,2002,64,77,0
Minnesota,2001,72,75,0
Minnesota,2000,69,64,0
Minnesota,1999,73,63,2
Minnesota,1998,56,67,2
Minnesota,1997,46,2,59
Minnesota,1996,4,0,54
Minnesota,1995,33,1,55
Minnesota,1994,30,1,39
Minnesota,1993,28,1,35
Minnesota,1992,19,1,43
Minnesota,1991,19,2,36
Minnesota,1990,23,1,3
Minnesota,1989,25,0,31
Minnesota,1988,23,0,29
Minnesota,1987,22,1,33
Minnesota,1986,15,1,36
Minnesota,1985,14,0,53
Minnesota,1984,11,0,58
Minnesota,1983,11,0,59
Minnesota,1982,9,1,44
Minnesota,1981,13,1,45
Minnesota,1980,9,1,45
Minnesota,1979,8,0,33
Minnesota,1978,9,0,36
Minnesota,1977,7,2,48
Minnesota,1976,6,2,38
Minnesota,1975,12,3,33
Mississippi,2017,6,10,0
Mississippi,2016,5,6,0
Mississippi,2015,4,6,0
Mississippi,2014,3,8,0
Mississippi,2013,6,10,0
Mississippi,2012,5,8,1
Mississippi,2011,4,7,1
Mississippi,2010,2,8,1
Mississippi,2009,2,8,1
Mississippi,2008,5,5,0
Mississippi,2007,6,3,0
Mississippi,2006,4,4,1
Mississippi,2005,5,5,1
Mississippi,2004,4,4,0
Mississippi,2003,1,13,0
Mississippi,2002,3,14,0
Mississippi,2001,2,12,0
Mississippi,2000,4,12,0
Mississippi,1999,2,13,0
Mississippi,1998,4,18,0
Mississippi,1997,7,1,11
Mississippi,1996,6,1,10
Mississippi,1995,7,0,6
Mississippi,1994,8,0,7
Mississippi,1993,5,0,10
Mississippi,1992,4,0,7
Mississippi,1991,2,0,9
Mississippi,1990,0,0,7
Mississippi,1989,0,0,6
Mississippi,1988,2,0,6
Mississippi,1987,2,0,4
Mississippi,1986,2,0,3
Mississippi,1985,2,1,5
Mississippi,1984,2,0,4
Mississippi,1983,1,0,5
Mississippi,1982,1,0,3
Mississippi,1981,5,0,6
Mississippi,1980,4,0,7
Mississippi,1979,3,0,2
Mississippi,1978,6,0,6
Mississippi,1977,2,0,12
Mississippi,1976,1,0,12
Mississippi,1975,0,0,16
Missouri,2017,122,127,10
Missouri,2016,134,75,6
Missouri,2015,138,67,9
Missouri,2014,141,73,10
Missouri,2013,138,84,9
Missouri,2012,140,92,12
Missouri,2011,133,78,11
Missouri,2010,133,82,12
Missouri,2009,133,82,12
Missouri,2008,167,72,8
Missouri,2007,174,67,9
Missouri,2006,202,66,8
Missouri,2005,227,45,6
Missouri,2004,244,41,5
Missouri,2003,289,123,4
Missouri,2002,286,109,6
Missouri,2001,298,113,3
Missouri,2000,284,103,5
Missouri,1999,284,106,9
Missouri,1998,288,107,14
Missouri,1997,280,15,96
Missouri,1996,276,13,81
Missouri,1995,232,8,76
Missouri,1994,227,8,69
Missouri,1993,191,5,80
Missouri,1992,169,2,88
Missouri,1991,181,5,69
Missouri,1990,177,6,60
Missouri,1989,159,6,62
Missouri,1988,167,7,56
Missouri,1987,174,5,71
Missouri,1986,165,10,64
Missouri,1985,169,0,61
Missouri,1984,137,3,53
Missouri,1983,128,4,62
Missouri,1982,112,5,9
Missouri,1981,96,7,61
Missouri,1980,86,4,76
Missouri,1979,78,0,63
Missouri,1978,66,4,67
Missouri,1977,63,2,59
Missouri,1976,54,3,61
Missouri,1975,56,2,73
Montana,2017,1,3,0
Montana,2016,0,4,0
Montana,2015,0,3,0
Montana,2014,0,3,0
Montana,2013,0,3,0
Montana,2012,0,6,0
Montana,2011,0,6,0
Montana,2010,1,4,0
Montana,2009,1,4,0
Montana,2008,1,3,0
Montana,2007,1,3,0
Montana,2006,0,2,0
Montana,2005,1,2,0
Montana,2004,3,5,0
Montana,2003,2,7,1
Montana,2002,4,8,1
Montana,2001,1,9,1
Montana,2000,2,7,1
Montana,1999,3,5,1
Montana,1998,2,3,1
Montana,1997,3,0,9
Montana,1996,2,0,5
Montana,1995,4,0,3
Montana,1994,4,0,3
Montana,1993,3,0,6
Montana,1992,2,0,3
Montana,1991,3,0,0
Montana,1990,2,0,1
Montana,1989,1,0,4
Montana,1988,1,0,2
Montana,1987,3,0,4
Montana,1986,4,0,5
Montana,1985,3,0,9
Montana,1984,1,0,8
Montana,1983,2,0,7
Montana,1982,1,0,4
Montana,1981,3,0,4
Montana,1980,0,0,4
Montana,1979,0,0,4
Montana,1978,0,0,4
Montana,1977,1,1,5
Montana,1976,0,0,2
Montana,1975,0,0,4
Nebraska,2017,7,28,1
Nebraska,2016,7,18,3
Nebraska,2015,5,19,2
Nebraska,2014,11,16,1
Nebraska,2013,10,16,0
Nebraska,2012,11,14,1
Nebraska,2011,12,14,2
Nebraska,2010,8,22,2
Nebraska,2009,8,22,2
Nebraska,2008,14,15,2
Nebraska,2007,15,18,2
Nebraska,2006,20,17,2
Nebraska,2005,18,14,1
Nebraska,2004,18,11,1
Nebraska,2003,21,26,0
Nebraska,2002,28,26,1
Nebraska,2001,29,28,1
Nebraska,2000,37,20,1
Nebraska,1999,42,14,0
Nebraska,1998,39,16,1
Nebraska,1997,35,1,19
Nebraska,1996,30,2,19
Nebraska,1995,21,1,19
Nebraska,1994,12,1,12
Nebraska,1993,10,0,13
Nebraska,1992,14,0,13
Nebraska,1991,14,0,14
Nebraska,1990,18,0,1
Nebraska,1989,16,1,8
Nebraska,1988,14,1,13
Nebraska,1987,16,0,10
Nebraska,1986,7,1,18
Nebraska,1985,17,1,18
Nebraska,1984,18,0,20
Nebraska,1983,11,0,15
Nebraska,1982,11,0,10
Nebraska,1981,7,0,10
Nebraska,1980,8,1,15
Nebraska,1979,6,1,14
Nebraska,1978,12,1,13
Nebraska,1977,11,0,15
Nebraska,1976,10,0,16
Nebraska,1975,11,0,20
Nevada,2017,11,7,3
Nevada,2016,8,5,3
Nevada,2015,8,6,2
Nevada,2014,9,5,1
Nevada,2013,8,4,1
Nevada,2012,9,6,1
Nevada,2011,9,5,0
Nevada,2010,8,6,0
Nevada,2009,8,6,0
Nevada,2008,11,3,0
Nevada,2007,11,4,0
Nevada,2006,10,2,0
Nevada,2005,7,1,0
Nevada,2004,6,1,1
Nevada,2003,11,4,2
Nevada,2002,11,3,2
Nevada,2001,10,4,1
Nevada,2000,12,8,0
Nevada,1999,10,8,0
Nevada,1998,10,3,0
Nevada,1997,10,0,6
Nevada,1996,6,0,7
Nevada,1995,7,0,4
Nevada,1994,6,0,3
Nevada,1993,6,0,1
Nevada,1992,7,1,0
Nevada,1991,2,0,4
Nevada,1990,2,0,3
Nevada,1989,2,0,2
Nevada,1988,2,0,5
Nevada,1987,2,0,3
Nevada,1986,1,0,1
Nevada,1985,2,1,2
Nevada,1984,2,0,1
Nevada,1983,0,0,1
Nevada,1982,1,0,2
Nevada,1981,0,0,2
Nevada,1980,0,0,2
Nevada,1979,0,0,1
Nevada,1978,0,0,2
Nevada,1977,1,0,4
Nevada,1976,1,0,2
Nevada,1975,1,0,0
New Hampshire,2017,16,10,1
New Hampshire,2016,17,7,1
New Hampshire,2015,13,11,1
New Hampshire,2014,11,12,1
New Hampshire,2013,10,15,2
New Hampshire,2012,8,13,1
New Hampshire,2011,7,11,1
New Hampshire,2010,9,8,0
New Hampshire,2009,9,8,0
New Hampshire,2008,9,5,1
New Hampshire,2007,12,3,1
New Hampshire,2006,15,4,2
New Hampshire,2005,12,3,2
New Hampshire,2004,7,2,2
New Hampshire,2003,8,12,3
New Hampshire,2002,7,12,2
New Hampshire,2001,5,11,2
New Hampshire,2000,5,12,2
New Hampshire,1999,5,11,0
New Hampshire,1998,4,10,0
New Hampshire,1997,8,0,8
New Hampshire,1996,7,0,10
New Hampshire,1995,7,0,10
New Hampshire,1994,6,0,7
New Hampshire,1993,7,0,8
New Hampshire,1992,9,0,5
New Hampshire,1991,9,0,4
New Hampshire,1990,9,0,6
New Hampshire,1989,5,0,4
New Hampshire,1988,4,0,2
New Hampshire,1987,4,0,4
New Hampshire,1986,5,0,6
New Hampshire,1985,2,1,5
New Hampshire,1984,1,1,8
New Hampshire,1983,0,0,1
New Hampshire,1982,1,0,1
New Hampshire,1981,1,0,7
New Hampshire,1980,0,0,8
New Hampshire,1979,3,0,13
New Hampshire,1978,1,0,12
New Hampshire,1977,2,0,11
New Hampshire,1976,2,0,11
New Hampshire,1975,2,0,9
New Jersey,2017,328,88,14
New Jersey,2016,312,49,17
New Jersey,2015,317,42,13
New Jersey,2014,280,44,14
New Jersey,2013,243,48,8
New Jersey,2012,207,49,8
New Jersey,2011,195,45,11
New Jersey,2010,169,41,13
New Jersey,2009,169,41,13
New Jersey,2008,157,31,12
New Jersey,2007,130,29,15
New Jersey,2006,138,32,15
New Jersey,2005,154,28,14
New Jersey,2004,158,28,12
New Jersey,2003,155,76,10
New Jersey,2002,125,71,8
New Jersey,2001,125,75,8
New Jersey,2000,110,74,7
New Jersey,1999,108,60,10
New Jersey,1998,117,57,6
New Jersey,1997,106,8,58
New Jersey,1996,123,9,53
New Jersey,1995,109,2,49
New Jersey,1994,107,2,47
New Jersey,1993,93,4,42
New Jersey,1992,82,4,36
New Jersey,1991,77,4,37
New Jersey,1990,76,2,37
New Jersey,1989,68,5,30
New Jersey,1988,65,5,30
New Jersey,1987,68,2,35
New Jersey,1986,57,1,30
New Jersey,1985,64,0,39
New Jersey,1984,49,3,43
New Jersey,1983,43,2,39
New Jersey,1982,35,4,49
New Jersey,1981,34,3,51
New Jersey,1980,32,4,46
New Jersey,1979,29,1,57
New Jersey,1978,36,3,43
New Jersey,1977,39,5,51
New Jersey,1976,36,5,47
New Jersey,1975,46,2,58
New Mexico,2017,8,24,0
New Mexico,2016,8,18,1
New Mexico,2015,7,11,1
New Mexico,2014,6,10,1
New Mexico,2013,3,11,1
New Mexico,2012,7,12,0
New Mexico,2011,7,13,0
New Mexico,2010,4,14,0
New Mexico,2009,4,14,0
New Mexico,2008,3,16,0
New Mexico,2007,6,13,1
New Mexico,2006,5,10,2
New Mexico,2005,7,9,2
New Mexico,2004,9,9,1
New Mexico,2003,10,24,0
New Mexico,2002,10,24,0
New Mexico,2001,7,23,0
New Mexico,2000,7,25,0
New Mexico,1999,14,29,1
New Mexico,1998,12,28,1
New Mexico,1997,12,1,27
New Mexico,1996,12,1,27
New Mexico,1995,4,0,21
New Mexico,1994,3,0,24
New Mexico,1993,6,0,13
New Mexico,1992,7,0,10
New Mexico,1991,6,0,12
New Mexico,1990,5,0,14
New Mexico,1989,5,0,10
New Mexico,1988,6,0,14
New Mexico,1987,6,0,11
New Mexico,1986,4,0,13
New Mexico,1985,5,0,17
New Mexico,1984,5,1,13
New Mexico,1983,5,1,16
New Mexico,1982,4,0,13
New Mexico,1981,2,0,11
New Mexico,1980,1,0,11
New Mexico,1979,3,0,10
New Mexico,1978,5,0,14
New Mexico,1977,2,0,17
New Mexico,1976,1,0,15
New Mexico,1975,1,0,14
New York,2017,176,154,19
New York,2016,176,98,19
New York,2015,182,98,12
New York,2014,166,99,16
New York,2013,137,106,16
New York,2012,125,101,22
New York,2011,98,92,23
New York,2010,90,79,23
New York,2009,90,79,23
New York,2008,76,73,16
New York,2007,72,75,15
New York,2006,84,81,18
New York,2005,100,56,12
New York,2004,102,56,10
New York,2003,121,153,15
New York,2002,122,153,20
New York,2001,119,135,16
New York,2000,115,136,23
New York,1999,119,131,21
New York,1998,120,143,17
New York,1997,124,13,137
New York,1996,127,12,131
New York,1995,124,12,107
New York,1994,107,12,83
New York,1993,108,14,96
New York,1992,96,11,114
New York,1991,89,5,91
New York,1990,88,3,96
New York,1989,69,6,89
New York,1988,69,7,86
New York,1987,59,3,82
New York,1986,52,4,84
New York,1985,46,2,105
New York,1984,34,2,115
New York,1983,27,3,126
New York,1982,29,5,119
New York,1981,3,5,128
New York,1980,28,9,124
New York,1979,39,8,137
New York,1978,41,6,164
New York,1977,53,6,149
New York,1976,52,6,187
New York,1975,55,4,218
North Carolina,2017,31,57,3
North Carolina,2016,28,44,1
North Carolina,2015,26,38,1
North Carolina,2014,26,36,1
North Carolina,2013,24,32,1
North Carolina,2012,25,32,1
North Carolina,2011,27,28,3
North Carolina,2010,18,31,5
North Carolina,2009,18,31,5
North Carolina,2008,25,36,4
North Carolina,2007,16,27,3
North Carolina,2006,20,24,4
North Carolina,2005,26,26,1
North Carolina,2004,25,33,1
North Carolina,2003,22,60,12
North Carolina,2002,22,43,7
North Carolina,2001,19,43,5
North Carolina,2000,16,46,3
North Carolina,1999,14,47,2
North Carolina,1998,19,43,3
North Carolina,1997,19,3,45
North Carolina,1996,22,2,39
North Carolina,1995,29,0,36
North Carolina,1994,30,0,31
North Carolina,1993,23,0,29
North Carolina,1992,14,0,17
North Carolina,1991,16,1,18
North Carolina,1990,8,1,23
North Carolina,1989,10,1,14
North Carolina,1988,7,0,19
North Carolina,1987,7,0,5
North Carolina,1986,1,0,20
North Carolina,1985,3,1,23
North Carolina,1984,6,0,22
North Carolina,1983,5,0,27
North Carolina,1982,5,0,27
North Carolina,1981,6,0,33
North Carolina,1980,3,0,30
North Carolina,1979,4,0,29
North Carolina,1978,3,0,29
North Carolina,1977,6,1,39
North Carolina,1976,4,0,33
North Carolina,1975,9,0,30
North Dakota,2017,0,4,1
North Dakota,2016,1,1,0
North Dakota,2015,0,1,1
North Dakota,2014,0,4,1
North Dakota,2013,0,4,1
North Dakota,2012,0,3,0
North Dakota,2011,0,6,0
North Dakota,2010,1,5,0
North Dakota,2009,1,5,0
North Dakota,2008,1,3,1
North Dakota,2007,3,3,1
North Dakota,2006,3,1,0
North Dakota,2005,2,3,0
North Dakota,2004,3,2,0
North Dakota,2003,5,6,0
North Dakota,2002,3,6,0
North Dakota,2001,5,6,0
North Dakota,2000,4,7,1
North Dakota,1999,2,5,1
North Dakota,1998,1,6,0
North Dakota,1997,0,0,8
North Dakota,1996,3,0,9
North Dakota,1995,3,0,7
North Dakota,1994,2,0,6
North Dakota,1993,2,0,4
North Dakota,1992,1,0,4
North Dakota,1991,1,0,6
North Dakota,1990,2,0,5
North Dakota,1989,0,0,4
North Dakota,1988,0,0,3
North Dakota,1987,1,0,6
North Dakota,1986,1,0,10
North Dakota,1985,1,0,4
North Dakota,1984,2,0,8
North Dakota,1983,0,0,5
North Dakota,1982,0,0,4
North Dakota,1981,1,1,3
North Dakota,1980,0,1,3
North Dakota,1979,1,1,7
North Dakota,1978,1,1,8
North Dakota,1977,1,0,6
North Dakota,1976,1,0,6
North Dakota,1975,3,0,3
Ohio,2017,101,103,22
Ohio,2016,129,79,13
Ohio,2015,144,84,13
Ohio,2014,135,76,7
Ohio,2013,123,74,13
Ohio,2012,127,66,17
Ohio,2011,126,69,21
Ohio,2010,121,74,19
Ohio,2009,121,74,19
Ohio,2008,113,75,12
Ohio,2007,104,65,12
Ohio,2006,115,69,8
Ohio,2005,131,72,3
Ohio,2004,139,56,4
Ohio,2003,161,136,7
Ohio,2002,161,124,11
Ohio,2001,161,129,10
Ohio,2000,174,139,11
Ohio,1999,189,121,7
Ohio,1998,205,127,10
Ohio,1997,217,14,120
Ohio,1996,200,10,106
Ohio,1995,174,1,109
Ohio,1994,140,1,83
Ohio,1993,140,1,87
Ohio,1992,137,3,87
Ohio,1991,110,2,57
Ohio,1990,116,2,76
Ohio,1989,91,0,63
Ohio,1988,89,2,69
Ohio,1987,92,3,77
Ohio,1986,75,2,79
Ohio,1985,28,0,81
Ohio,1984,58,4,86
Ohio,1983,60,3,95
Ohio,1982,54,6,87
Ohio,1981,43,2,98
Ohio,1980,41,5,92
Ohio,1979,36,4,103
Ohio,1978,41,2,107
Ohio,1977,50,1,111
Ohio,1976,45,3,118
Ohio,1975,51,5,132
Oklahoma,2017,17,13,0
Oklahoma,2016,18,7,0
Oklahoma,2015,17,5,0
Oklahoma,2014,12,8,1
Oklahoma,2013,15,4,1
Oklahoma,2012,12,9,1
Oklahoma,2011,9,12,1
Oklahoma,2010,12,9,1
Oklahoma,2009,12,9,1
Oklahoma,2008,10,9,0
Oklahoma,2007,17,6,0
Oklahoma,2006,23,10,1
Oklahoma,2005,22,10,1
Oklahoma,2004,28,6,2
Oklahoma,2003,20,29,0
Oklahoma,2002,19,30,0
Oklahoma,2001,21,35,0
Oklahoma,2000,17,35,0
Oklahoma,1999,20,34,0
Oklahoma,1998,17,34,0
Oklahoma,1997,15,0,29
Oklahoma,1996,18,0,24
Oklahoma,1995,15,0,13
Oklahoma,1994,14,0,9
Oklahoma,1993,13,0,12
Oklahoma,1992,15,0,15
Oklahoma,1991,10,0,13
Oklahoma,1990,8,0,12
Oklahoma,1989,9,1,9
Oklahoma,1988,10,0,13
Oklahoma,1987,7,0,12
Oklahoma,1986,4,0,14
Oklahoma,1985,4,0,15
Oklahoma,1984,4,0,13
Oklahoma,1983,2,0,8
Oklahoma,1982,6,0,9
Oklahoma,1981,3,0,12
Oklahoma,1980,3,0,9
Oklahoma,1979,3,0,15
Oklahoma,1978,2,1,11
Oklahoma,1977,4,0,13
Oklahoma,1976,2,0,15
Oklahoma,1975,5,1,12
Oregon,2017,17,41,0
Oregon,2016,16,21,1
Oregon,2015,19,17,3
Oregon,2014,19,12,5
Oregon,2013,19,17,3
Oregon,2012,16,12,4
Oregon,2011,12,19,4
Oregon,2010,12,19,2
Oregon,2009,12,19,2
Oregon,2008,7,15,1
Oregon,2007,5,16,1
Oregon,2006,15,14,1
Oregon,2005,15,11,0
Oregon,2004,17,10,1
Oregon,2003,19,27,2
Oregon,2002,14,26,1
Oregon,2001,19,23,1
Oregon,2000,16,28,1
Oregon,1999,13,26,0
Oregon,1998,13,29,0
Oregon,1997,12,0,30
Oregon,1996,12,0,33
Oregon,1995,11,1,28
Oregon,1994,6,1,16
Oregon,1993,9,0,9
Oregon,1992,8,0,9
Oregon,1991,6,0,12
Oregon,1990,8,0,12
Oregon,1989,3,1,11
Oregon,1988,3,0,11
Oregon,1987,4,0,8
Oregon,1986,1,0,9
Oregon,1985,1,0,14
Oregon,1984,2,0,10
Oregon,1983,2,0,14
Oregon,1982,1,1,8
Oregon,1981,2,2,8
Oregon,1980,4,0,8
Oregon,1979,2,0,7
Oregon,1978,2,1,8
Oregon,1977,0,1,17
Oregon,1976,1,0,17
Oregon,1975,3,0,18
Other US,2012,3,20,1
Other US,2011,8,19,1
Other US,2010,4,22,1
Other US,2009,4,22,1
Other US,2008,13,17,0
Other US,2007,11,17,0
Other US,2006,13,19,0
Other US,2005,10,19,0
Other US,2004,8,17,1
Other US,2003,7,31,2
Other US,2002,15,28,2
Other US,2001,17,27,3
Other US,2000,17,34,4
Other US,1999,17,21,2
Other US,1998,14,19,1
Pennsylvania,2017,68,83,14
Pennsylvania,2016,75,54,10
Pennsylvania,2015,78,62,9
Pennsylvania,2014,73,70,9
Pennsylvania,2013,62,74,8
Pennsylvania,2012,59,70,14
Pennsylvania,2011,56,69,21
Pennsylvania,2010,48,65,19
Pennsylvania,2009,48,65,19
Pennsylvania,2008,45,49,6
Pennsylvania,2007,32,38,8
Pennsylvania,2006,39,35,7
Pennsylvania,2005,55,42,5
Pennsylvania,2004,54,44,5
Pennsylvania,2003,62,109,8
Pennsylvania,2002,61,95,6
Pennsylvania,2001,57,91,7
Pennsylvania,2000,57,98,6
Pennsylvania,1999,60,85,7
Pennsylvania,1998,53,74,4
Pennsylvania,1997,58,6,78
Pennsylvania,1996,67,4,75
Pennsylvania,1995,66,0,77
Pennsylvania,1994,61,0,58
Pennsylvania,1993,61,2,75
Pennsylvania,1992,57,5,71
Pennsylvania,1991,65,5,76
Pennsylvania,1990,60,4,74
Pennsylvania,1989,43,2,56
Pennsylvania,1988,42,2,45
Pennsylvania,1987,28,2,42
Pennsylvania,1986,28,0,51
Pennsylvania,1985,20,0,60
Pennsylvania,1984,25,0,64
Pennsylvania,1983,31,0,66
Pennsylvania,1982,26,1,63
Pennsylvania,1981,19,5,68
Pennsylvania,1980,23,3,86
Pennsylvania,1979,20,4,86
Pennsylvania,1978,29,2,92
Pennsylvania,1977,29,4,81
Pennsylvania,1976,31,3,88
Pennsylvania,1975,36,2,107
Puerto Rico,2017,3,20,3
Puerto Rico,2016,6,19,1
Puerto Rico,2015,5,20,1
Puerto Rico,2014,6,17,1
Puerto Rico,2013,4,17,0
Rhode Island,2017,6,6,0
Rhode Island,2016,2,5,0
Rhode Island,2015,2,5,0
Rhode Island,2014,3,7,0
Rhode Island,2013,2,8,0
Rhode Island,2012,2,9,0
Rhode Island,2011,4,11,0
Rhode Island,2010,4,9,1
Rhode Island,2009,4,9,1
Rhode Island,2008,3,6,1
Rhode Island,2007,4,1,0
Rhode Island,2006,2,1,0
Rhode Island,2005,2,2,0
Rhode Island,2004,3,1,0
Rhode Island,2003,4,6,1
Rhode Island,2002,5,4,3
Rhode Island,2001,4,3,3
Rhode Island,2000,7,9,2
Rhode Island,1999,7,9,2
Rhode Island,1998,6,8,1
Rhode Island,1997,6,1,7
Rhode Island,1996,6,2,5
Rhode Island,1995,3,1,3
Rhode Island,1994,4,1,3
Rhode Island,1993,3,1,1
Rhode Island,1992,4,1,2
Rhode Island,1991,6,1,5
Rhode Island,1990,3,0,5
Rhode Island,1989,2,0,2
Rhode Island,1988,0,0,4
Rhode Island,1987,1,0,3
Rhode Island,1986,2,0,2
Rhode Island,1985,3,0,5
Rhode Island,1984,3,0,4
Rhode Island,1983,1,0,NA
Rhode Island,1982,0,0,3
Rhode Island,1981,2,0,4
Rhode Island,1980,6,0,8
Rhode Island,1979,5,0,6
Rhode Island,1978,3,0,5
Rhode Island,1977,2,0,5
Rhode Island,1976,1,0,7
Rhode Island,1975,1,0,7
South Carolina,2017,7,17,2
South Carolina,2016,5,15,2
South Carolina,2015,5,16,4
South Carolina,2014,8,16,1
South Carolina,2013,8,14,2
South Carolina,2012,5,10,1
South Carolina,2011,3,13,2
South Carolina,2010,7,8,2
South Carolina,2009,7,8,2
South Carolina,2008,12,15,1
South Carolina,2007,9,17,1
South Carolina,2006,7,13,0
South Carolina,2005,10,14,0
South Carolina,2004,10,3,0
South Carolina,2003,10,12,1
South Carolina,2002,9,10,1
South Carolina,2001,9,10,2
South Carolina,2000,7,14,2
South Carolina,1999,12,12,3
South Carolina,1998,12,15,2
South Carolina,1997,17,2,16
South Carolina,1996,15,0,15
South Carolina,1995,7,0,1
South Carolina,1994,9,0,11
South Carolina,1993,9,0,11
South Carolina,1992,12,0,7
South Carolina,1991,5,0,12
South Carolina,1990,8,0,14
South Carolina,1989,7,2,10
South Carolina,1988,5,1,6
South Carolina,1987,3,1,10
South Carolina,1986,3,0,14
South Carolina,1985,5,0,9
South Carolina,1984,0,0,6
South Carolina,1983,1,0,5
South Carolina,1982,1,0,8
South Carolina,1981,0,0,13
South Carolina,1980,1,0,11
South Carolina,1979,1,0,12
South Carolina,1978,4,0,6
South Carolina,1977,2,1,8
South Carolina,1976,2,0,13
South Carolina,1975,3,1,18
South Dakota,2017,3,4,1
South Dakota,2016,2,4,0
South Dakota,2015,3,8,0
South Dakota,2014,6,7,0
South Dakota,2013,5,7,1
South Dakota,2012,5,6,1
South Dakota,2011,5,3,2
South Dakota,2010,1,2,1
South Dakota,2009,1,2,1
South Dakota,2008,1,4,0
South Dakota,2007,1,6,0
South Dakota,2006,3,3,0
South Dakota,2005,4,2,0
South Dakota,2004,5,0,0
South Dakota,2003,5,3,0
South Dakota,2002,4,4,0
South Dakota,2001,5,5,1
South Dakota,2000,5,4,2
South Dakota,1999,6,6,2
South Dakota,1998,5,6,2
South Dakota,1997,5,1,7
South Dakota,1996,2,0,6
South Dakota,1995,1,0,6
South Dakota,1994,0,0,6
South Dakota,1993,0,0,5
South Dakota,1992,0,0,3
South Dakota,1991,1,0,2
South Dakota,1990,3,1,2
South Dakota,1989,1,0,5
South Dakota,1988,1,0,4
South Dakota,1987,2,0,5
South Dakota,1986,1,0,5
South Dakota,1985,1,0,7
South Dakota,1984,1,0,10
South Dakota,1983,2,0,7
South Dakota,1982,0,1,8
South Dakota,1981,0,1,5
South Dakota,1980,1,1,11
South Dakota,1979,2,1,4
South Dakota,1978,0,0,3
South Dakota,1977,0,0,5
South Dakota,1976,1,0,2
South Dakota,1975,1,0,3
Tennessee,2017,45,53,4
Tennessee,2016,46,36,2
Tennessee,2015,43,27,4
Tennessee,2014,42,25,4
Tennessee,2013,39,27,3
Tennessee,2012,37,30,3
Tennessee,2011,35,28,2
Tennessee,2010,25,29,2
Tennessee,2009,25,29,2
Tennessee,2008,28,36,1
Tennessee,2007,25,22,3
Tennessee,2006,28,21,3
Tennessee,2005,38,17,3
Tennessee,2004,41,9,2
Tennessee,2003,43,42,1
Tennessee,2002,44,47,1
Tennessee,2001,41,39,1
Tennessee,2000,35,37,2
Tennessee,1999,43,37,2
Tennessee,1998,52,46,1
Tennessee,1997,52,2,41
Tennessee,1996,51,1,40
Tennessee,1995,44,1,31
Tennessee,1994,37,1,19
Tennessee,1993,33,2,25
Tennessee,1992,38,1,19
Tennessee,1991,43,2,25
Tennessee,1990,39,2,28
Tennessee,1989,36,1,27
Tennessee,1988,26,0,35
Tennessee,1987,24,0,30
Tennessee,1986,22,1,27
Tennessee,1985,16,0,20
Tennessee,1984,18,0,20
Tennessee,1983,13,0,18
Tennessee,1982,13,0,17
Tennessee,1981,17,1,23
Tennessee,1980,21,0,23
Tennessee,1979,16,0,21
Tennessee,1978,10,0,21
Tennessee,1977,9,0,22
Tennessee,1976,4,1,23
Tennessee,1975,8,1,33
Texas,2017,162,188,18
Texas,2016,164,92,16
Texas,2015,148,81,13
Texas,2014,119,85,17
Texas,2013,121,84,17
Texas,2012,109,89,19
Texas,2011,100,89,25
Texas,2010,87,76,25
Texas,2009,87,76,25
Texas,2008,102,66,14
Texas,2007,92,70,10
Texas,2006,85,71,13
Texas,2005,87,48,12
Texas,2004,93,41,7
Texas,2003,85,136,5
Texas,2002,72,126,4
Texas,2001,55,103,6
Texas,2000,47,98,6
Texas,1999,57,87,7
Texas,1998,53,100,5
Texas,1997,44,7,100
Texas,1996,45,5,92
Texas,1995,44,2,63
Texas,1994,37,2,56
Texas,1993,48,2,54
Texas,1992,44,0,55
Texas,1991,49,0,47
Texas,1990,44,0,45
Texas,1989,33,0,38
Texas,1988,27,0,37
Texas,1987,22,0,36
Texas,1986,12,0,31
Texas,1985,12,0,31
Texas,1984,10,0,33
Texas,1983,10,1,47
Texas,1982,12,1,52
Texas,1981,13,1,47
Texas,1980,16,1,40
Texas,1979,15,0,36
Texas,1978,11,1,46
Texas,1977,9,1,45
Texas,1976,11,0,37
Texas,1975,11,1,42
Unknown,2017,282,1435,59
Unknown,2016,525,1146,65
Unknown,2015,548,1177,48
Unknown,2014,596,1214,52
Unknown,2013,574,1253,52
Unknown,2012,606,1269,72
Unknown,2011,624,1325,84
Unknown,2010,612,1432,79
Unknown,2009,612,1432,79
Unknown,2008,568,1546,103
Unknown,2007,486,1581,113
Unknown,2006,498,1659,132
Unknown,2005,508,1804,141
Unknown,2004,473,1851,82
Utah,2017,7,21,0
Utah,2016,7,14,0
Utah,2015,8,15,0
Utah,2014,6,16,0
Utah,2013,3,19,0
Utah,2012,4,16,0
Utah,2011,4,10,1
Utah,2010,2,11,5
Utah,2009,2,11,5
Utah,2008,4,19,5
Utah,2007,4,21,1
Utah,2006,4,20,2
Utah,2005,7,17,2
Utah,2004,11,13,3
Utah,2003,6,52,4
Utah,2002,7,44,2
Utah,2001,8,43,3
Utah,2000,4,45,2
Utah,1999,6,41,3
Utah,1998,3,39,3
Utah,1997,6,2,26
Utah,1996,5,0,19
Utah,1995,2,1,11
Utah,1994,1,1,2
Utah,1993,1,1,2
Utah,1992,2,1,6
Utah,1991,1,1,4
Utah,1990,1,0,5
Utah,1989,1,0,9
Utah,1988,0,0,3
Utah,1987,0,0,8
Utah,1986,1,0,5
Utah,1985,1,0,9
Utah,1984,0,0,12
Utah,1983,0,0,9
Utah,1982,0,1,7
Utah,1981,0,0,13
Utah,1980,0,0,11
Utah,1979,2,0,11
Utah,1978,0,0,10
Utah,1977,0,0,8
Utah,1976,0,0,9
Utah,1975,0,0,5
Vermont,2017,1,6,0
Vermont,2016,2,3,0
Vermont,2015,3,4,0
Vermont,2014,1,4,0
Vermont,2013,1,3,0
Vermont,2012,1,2,1
Vermont,2011,2,2,0
Vermont,2010,1,0,1
Vermont,2009,1,0,1
Vermont,2008,6,1,2
Vermont,2007,7,0,1
Vermont,2006,8,1,2
Vermont,2005,6,1,0
Vermont,2004,3,2,0
Vermont,2003,2,7,0
Vermont,2002,1,5,0
Vermont,2001,1,6,0
Vermont,2000,2,6,0
Vermont,1999,4,8,0
Vermont,1998,3,5,0
Vermont,1997,4,0,6
Vermont,1996,5,0,9
Vermont,1995,1,0,8
Vermont,1994,1,0,6
Vermont,1993,0,0,4
Vermont,1992,2,0,2
Vermont,1991,3,0,3
Vermont,1990,2,0,2
Vermont,1989,3,1,1
Vermont,1988,2,1,1
Vermont,1987,1,1,4
Vermont,1986,2,0,6
Vermont,1985,0,0,5
Vermont,1984,0,0,4
Vermont,1983,0,0,8
Vermont,1982,0,0,3
Vermont,1981,0,0,3
Vermont,1980,0,0,4
Vermont,1979,4,0,4
Vermont,1978,8,0,8
Vermont,1977,1,0,8
Vermont,1976,0,0,4
Vermont,1975,0,0,1
Virgin Islands,2017,0,1,0
Virginia,2017,133,77,7
Virginia,2016,133,41,8
Virginia,2015,128,42,4
Virginia,2014,123,39,3
Virginia,2013,112,43,4
Virginia,2012,81,48,5
Virginia,2011,61,40,5
Virginia,2010,56,36,2
Virginia,2009,56,36,2
Virginia,2008,67,36,4
Virginia,2007,68,29,4
Virginia,2006,69,24,1
Virginia,2005,74,33,0
Virginia,2004,58,33,2
Virginia,2003,74,78,9
Virginia,2002,77,74,8
Virginia,2001,86,73,8
Virginia,2000,91,69,4
Virginia,1999,89,60,2
Virginia,1998,101,56,7
Virginia,1997,90,4,60
Virginia,1996,82,5,63
Virginia,1995,75,2,58
Virginia,1994,48,2,41
Virginia,1993,42,1,41
Virginia,1992,44,4,31
Virginia,1991,36,1,34
Virginia,1990,42,0,25
Virginia,1989,24,0,27
Virginia,1988,24,0,30
Virginia,1987,21,0,32
Virginia,1986,16,0,42
Virginia,1985,17,1,36
Virginia,1984,18,1,39
Virginia,1983,13,2,27
Virginia,1982,14,1,33
Virginia,1981,12,0,34
Virginia,1980,16,0,36
Virginia,1979,28,0,28
Virginia,1978,33,0,33
Virginia,1977,20,0,32
Virginia,1976,15,0,39
Virginia,1975,15,0,41
Washington,2017,60,82,2
Washington,2016,67,38,4
Washington,2015,61,34,5
Washington,2014,63,35,5
Washington,2013,43,34,8
Washington,2012,31,40,8
Washington,2011,26,31,7
Washington,2010,22,33,4
Washington,2009,22,33,4
Washington,2008,23,30,6
Washington,2007,29,33,4
Washington,2006,32,25,1
Washington,2005,25,19,1
Washington,2004,32,10,1
Washington,2003,29,54,2
Washington,2002,22,54,1
Washington,2001,23,48,2
Washington,2000,13,39,3
Washington,1999,11,33,4
Washington,1998,8,36,4
Washington,1997,7,5,40
Washington,1996,14,3,32
Washington,1995,14,0,25
Washington,1994,11,0,12
Washington,1993,8,0,15
Washington,1992,9,0,20
Washington,1991,9,1,14
Washington,1990,9,0,17
Washington,1989,6,1,20
Washington,1988,10,1,22
Washington,1987,3,1,19
Washington,1986,3,1,30
Washington,1985,1,0,21
Washington,1984,3,0,22
Washington,1983,4,0,13
Washington,1982,1,1,17
Washington,1981,0,1,19
Washington,1980,3,1,20
Washington,1979,18,0,18
Washington,1978,28,0,28
Washington,1977,3,0,24
Washington,1976,5,0,14
Washington,1975,3,0,24
West Virginia,2017,1,12,3
West Virginia,2016,0,8,3
West Virginia,2015,4,5,0
West Virginia,2014,4,6,0
West Virginia,2013,5,6,0
West Virginia,2012,7,8,0
West Virginia,2011,4,7,1
West Virginia,2010,4,5,1
West Virginia,2009,4,5,1
West Virginia,2008,5,5,0
West Virginia,2007,5,5,0
West Virginia,2006,5,3,0
West Virginia,2005,5,5,1
West Virginia,2004,6,3,0
West Virginia,2003,5,9,0
West Virginia,2002,6,9,1
West Virginia,2001,5,9,1
West Virginia,2000,5,8,1
West Virginia,1999,7,7,0
West Virginia,1998,7,9,0
West Virginia,1997,9,0,11
West Virginia,1996,9,0,14
West Virginia,1995,5,0,6
West Virginia,1994,3,0,3
West Virginia,1993,3,0,5
West Virginia,1992,6,0,7
West Virginia,1991,6,0,3
West Virginia,1990,8,0,3
West Virginia,1989,8,0,2
West Virginia,1988,3,0,1
West Virginia,1987,4,0,4
West Virginia,1986,3,0,5
West Virginia,1985,3,0,4
West Virginia,1984,2,0,3
West Virginia,1983,0,0,7
West Virginia,1982,2,0,7
West Virginia,1981,1,0,8
West Virginia,1980,2,0,6
West Virginia,1979,5,0,5
West Virginia,1978,1,0,1
West Virginia,1977,3,0,4
West Virginia,1976,3,0,5
West Virginia,1975,2,0,10
Wisconsin,2017,66,87,17
Wisconsin,2016,60,65,14
Wisconsin,2015,61,64,14
Wisconsin,2014,65,71,15
Wisconsin,2013,60,68,16
Wisconsin,2012,69,77,13
Wisconsin,2011,67,75,13
Wisconsin,2010,50,77,7
Wisconsin,2009,50,77,7
Wisconsin,2008,48,51,4
Wisconsin,2007,56,47,4
Wisconsin,2006,61,49,3
Wisconsin,2005,54,41,3
Wisconsin,2004,54,34,4
Wisconsin,2003,59,97,7
Wisconsin,2002,66,93,9
Wisconsin,2001,63,83,13
Wisconsin,2000,63,80,10
Wisconsin,1999,70,91,5
Wisconsin,1998,72,84,5
Wisconsin,1997,73,5,81
Wisconsin,1996,84,6,79
Wisconsin,1995,74,5,75
Wisconsin,1994,66,5,56
Wisconsin,1993,58,3,55
Wisconsin,1992,66,2,54
Wisconsin,1991,53,1,53
Wisconsin,1990,45,1,50
Wisconsin,1989,44,0,40
Wisconsin,1988,35,2,32
Wisconsin,1987,40,0,51
Wisconsin,1986,47,0,47
Wisconsin,1985,43,0,66
Wisconsin,1984,38,0,78
Wisconsin,1983,33,2,73
Wisconsin,1982,36,3,76
Wisconsin,1981,43,3,52
Wisconsin,1980,39,4,63
Wisconsin,1979,51,6,51
Wisconsin,1978,56,5,56
Wisconsin,1977,29,1,64
Wisconsin,1976,30,2,64
Wisconsin,1975,30,3,73
Wyoming,2017,3,5,0
Wyoming,2016,1,3,0
Wyoming,2015,1,2,0
Wyoming,2014,1,1,0
Wyoming,2013,0,2,1
Wyoming,2012,1,0,1
Wyoming,2011,1,0,1
Wyoming,2010,2,0,0
Wyoming,2009,2,0,0
Wyoming,2008,1,0,0
Wyoming,2007,1,0,0
Wyoming,2006,1,0,0
Wyoming,2005,2,1,0
Wyoming,2004,3,2,0
Wyoming,2003,1,6,1
Wyoming,2002,0,4,1
Wyoming,2001,0,6,1
Wyoming,2000,1,5,0
Wyoming,1999,1,5,1
Wyoming,1998,0,5,1
Wyoming,1997,0,1,4
Wyoming,1996,1,0,1
Wyoming,1995,2,0,2
Wyoming,1994,1,0,2
Wyoming,1993,0,0,1
Wyoming,1992,2,0,1
Wyoming,1991,1,0,3
Wyoming,1990,1,0,4
Wyoming,1989,1,0,5
Wyoming,1988,1,1,4
Wyoming,1987,0,0,3
Wyoming,1986,2,0,2
Wyoming,1985,1,0,5
Wyoming,1984,1,0,2
Wyoming,1983,0,0,2
Wyoming,1982,0,0,0
Wyoming,1981,0,0,1
Wyoming,1980,1,0,2
Wyoming,1979,4,0,4
Wyoming,1978,5,0,5
Wyoming,1977,1,0,4
Wyoming,1976,1,0,0
Wyoming,1975,0,0,1
